<?xml version="1.0" encoding="utf-8" ?>
<DATA model="OBJSET" version="1.0.0.0" scope="OBJSETINIT" export="OK">
<SET_Definitions>
	<SetId>2820000</SetId>
	<SetName>SET_coldfusion_CustomMetrics</SetName>
	<SetType>DIAG_SCOPE</SetType>
	<SetProcedure>SET_coldfusion_2820000</SetProcedure>
</SET_Definitions>

<SET_Definitions>
	<SetId>2820002</SetId>
	<SetName>SET_coldfusion_CustomMetrics</SetName>
	<SetType>DIAG_SCOPE</SetType>
	<SetProcedure>SET_coldfusion_2820002</SetProcedure>
</SET_Definitions>
</DATA>
