<?xml version='1.0' encoding='utf-8'?>
<DATA model='Central Model' version='1.1' scope='FULL_CONTENT' export='OK'><!-- File generated with CAST Metrics Compiler ##VERSION_BUILD## -->
  <DSS_METRIC_TYPES>
    <METRIC_ID>2820000</METRIC_ID>
    <METRIC_NAME>COLDFUSION : should be always small letters</METRIC_NAME>
    <METRIC_DESCRIPTION>See Metric Documentation</METRIC_DESCRIPTION>
    <METRIC_TYPE>3</METRIC_TYPE>
    <METRIC_GROUP>1</METRIC_GROUP>
    <METRIC_DEPENDS_ON>$n$u$l$l$</METRIC_DEPENDS_ON>
    <METRIC_OPTIONS>0</METRIC_OPTIONS>
    <SCOPE_ID>2820000</SCOPE_ID>
    <PROPERTY_ID>2820014</PROPERTY_ID>
  </DSS_METRIC_TYPES>
  <DSS_METRIC_TYPES>
    <METRIC_ID>2820001</METRIC_ID>
    <METRIC_NAME>COLDFUSION : should be always small letters</METRIC_NAME>
    <METRIC_DESCRIPTION>description details</METRIC_DESCRIPTION>
    <METRIC_TYPE>2</METRIC_TYPE>
    <METRIC_GROUP>2</METRIC_GROUP>
    <METRIC_DEPENDS_ON>$n$u$l$l$</METRIC_DEPENDS_ON>
    <METRIC_OPTIONS>0</METRIC_OPTIONS>
    <SCOPE_ID>0</SCOPE_ID>
    <PROPERTY_ID>0</PROPERTY_ID>
  </DSS_METRIC_TYPES>
  <DSS_METRIC_TYPES>
    <METRIC_ID>2820002</METRIC_ID>
    <METRIC_NAME>COLDFUSION : Cffunction name Should be unique</METRIC_NAME>
    <METRIC_DESCRIPTION>See Metric Documentation</METRIC_DESCRIPTION>
    <METRIC_TYPE>3</METRIC_TYPE>
    <METRIC_GROUP>1</METRIC_GROUP>
    <METRIC_DEPENDS_ON>$n$u$l$l$</METRIC_DEPENDS_ON>
    <METRIC_OPTIONS>0</METRIC_OPTIONS>
    <SCOPE_ID>2820000</SCOPE_ID>
    <PROPERTY_ID>2820016</PROPERTY_ID>
  </DSS_METRIC_TYPES>
  <DSS_METRIC_TYPES>
    <METRIC_ID>2820003</METRIC_ID>
    <METRIC_NAME>COLDFUSION : Cffunction name Should be unique</METRIC_NAME>
    <METRIC_DESCRIPTION>description details</METRIC_DESCRIPTION>
    <METRIC_TYPE>2</METRIC_TYPE>
    <METRIC_GROUP>2</METRIC_GROUP>
    <METRIC_DEPENDS_ON>$n$u$l$l$</METRIC_DEPENDS_ON>
    <METRIC_OPTIONS>0</METRIC_OPTIONS>
    <SCOPE_ID>0</SCOPE_ID>
    <PROPERTY_ID>0</PROPERTY_ID>
  </DSS_METRIC_TYPES>
  <DSS_METRIC_TYPE_TREES>
    <METRIC_PARENT_ID>61024</METRIC_PARENT_ID>
    <METRIC_ID>2820000</METRIC_ID>
    <METRIC_INDEX>2</METRIC_INDEX>
    <AGGREGATE_WEIGHT>4</AGGREGATE_WEIGHT>
    <METRIC_SCOPE_PROCEDURE_NAME>DSS_FILTER_SCOPE</METRIC_SCOPE_PROCEDURE_NAME>
    <METRIC_SCOPE_PROCEDURE_NAME_2>$n$u$l$l$</METRIC_SCOPE_PROCEDURE_NAME_2>
    <METRIC_CRITICAL>0</METRIC_CRITICAL>
  </DSS_METRIC_TYPE_TREES>
  <DSS_METRIC_TYPE_TREES>
    <METRIC_PARENT_ID>61024</METRIC_PARENT_ID>
    <METRIC_ID>2820002</METRIC_ID>
    <METRIC_INDEX>3</METRIC_INDEX>
    <AGGREGATE_WEIGHT>4</AGGREGATE_WEIGHT>
    <METRIC_SCOPE_PROCEDURE_NAME>DSS_FILTER_SCOPE</METRIC_SCOPE_PROCEDURE_NAME>
    <METRIC_SCOPE_PROCEDURE_NAME_2>$n$u$l$l$</METRIC_SCOPE_PROCEDURE_NAME_2>
    <METRIC_CRITICAL>1</METRIC_CRITICAL>
  </DSS_METRIC_TYPE_TREES>
  <DSS_METRIC_TYPE_TREES>
    <METRIC_PARENT_ID>2820000</METRIC_PARENT_ID>
    <METRIC_ID>2820001</METRIC_ID>
    <METRIC_INDEX>1</METRIC_INDEX>
    <AGGREGATE_WEIGHT>1</AGGREGATE_WEIGHT>
    <METRIC_SCOPE_PROCEDURE_NAME>DSS_DIAG_SCOPE_GENERIC_NUM</METRIC_SCOPE_PROCEDURE_NAME>
    <METRIC_SCOPE_PROCEDURE_NAME_2>$n$u$l$l$</METRIC_SCOPE_PROCEDURE_NAME_2>
    <METRIC_CRITICAL>0</METRIC_CRITICAL>
  </DSS_METRIC_TYPE_TREES>
  <DSS_METRIC_TYPE_TREES>
    <METRIC_PARENT_ID>2820002</METRIC_PARENT_ID>
    <METRIC_ID>2820003</METRIC_ID>
    <METRIC_INDEX>1</METRIC_INDEX>
    <AGGREGATE_WEIGHT>1</AGGREGATE_WEIGHT>
    <METRIC_SCOPE_PROCEDURE_NAME>DSS_DIAG_SCOPE_GENERIC_NUM</METRIC_SCOPE_PROCEDURE_NAME>
    <METRIC_SCOPE_PROCEDURE_NAME_2>$n$u$l$l$</METRIC_SCOPE_PROCEDURE_NAME_2>
    <METRIC_CRITICAL>0</METRIC_CRITICAL>
  </DSS_METRIC_TYPE_TREES>
  <DSS_METRIC_VALUE_TYPES>
    <METRIC_ID>2820000</METRIC_ID>
    <METRIC_VALUE_INDEX>0</METRIC_VALUE_INDEX>
    <METRIC_VALUE_NAME>Grade and status distribution</METRIC_VALUE_NAME>
    <METRIC_VALUE_DESCRIPTION>Generic grade and status distribution calculation for diagnostics</METRIC_VALUE_DESCRIPTION>
    <METRIC_VALUE_PROCEDURE_NAME>ADG_RESULT_DIAG_STATUS</METRIC_VALUE_PROCEDURE_NAME>
    <METRIC_AGGREGATE_OPERATOR>0</METRIC_AGGREGATE_OPERATOR>
    <METRIC_VALUE_PROCEDURE_NAME_2>ADG_CENTRAL_RESULT_DIAG</METRIC_VALUE_PROCEDURE_NAME_2>
    <METRIC_AGGREGATE_OPERATOR_2>0</METRIC_AGGREGATE_OPERATOR_2>
    <METRIC_VALUE_TYPE>0</METRIC_VALUE_TYPE>
  </DSS_METRIC_VALUE_TYPES>
  <DSS_METRIC_VALUE_TYPES>
    <METRIC_ID>2820000</METRIC_ID>
    <METRIC_VALUE_INDEX>1</METRIC_VALUE_INDEX>
    <METRIC_VALUE_NAME>COLDFUSION : should be always small letters</METRIC_VALUE_NAME>
    <METRIC_VALUE_DESCRIPTION>See Metric documentation</METRIC_VALUE_DESCRIPTION>
    <METRIC_VALUE_PROCEDURE_NAME>$n$u$l$l$</METRIC_VALUE_PROCEDURE_NAME>
    <METRIC_AGGREGATE_OPERATOR>11</METRIC_AGGREGATE_OPERATOR>
    <METRIC_VALUE_PROCEDURE_NAME_2>$n$u$l$l$</METRIC_VALUE_PROCEDURE_NAME_2>
    <METRIC_AGGREGATE_OPERATOR_2>0</METRIC_AGGREGATE_OPERATOR_2>
    <METRIC_VALUE_TYPE>5</METRIC_VALUE_TYPE>
  </DSS_METRIC_VALUE_TYPES>
  <DSS_METRIC_VALUE_TYPES>
    <METRIC_ID>2820000</METRIC_ID>
    <METRIC_VALUE_INDEX>2</METRIC_VALUE_INDEX>
    <METRIC_VALUE_NAME>total</METRIC_VALUE_NAME>
    <METRIC_VALUE_DESCRIPTION>total</METRIC_VALUE_DESCRIPTION>
    <METRIC_VALUE_PROCEDURE_NAME>DSS_DIAG_TOTAL_GENERIC</METRIC_VALUE_PROCEDURE_NAME>
    <METRIC_AGGREGATE_OPERATOR>0</METRIC_AGGREGATE_OPERATOR>
    <METRIC_VALUE_PROCEDURE_NAME_2>$n$u$l$l$</METRIC_VALUE_PROCEDURE_NAME_2>
    <METRIC_AGGREGATE_OPERATOR_2>0</METRIC_AGGREGATE_OPERATOR_2>
    <METRIC_VALUE_TYPE>5</METRIC_VALUE_TYPE>
  </DSS_METRIC_VALUE_TYPES>
  <DSS_METRIC_VALUE_TYPES>
    <METRIC_ID>2820001</METRIC_ID>
    <METRIC_VALUE_INDEX>1</METRIC_VALUE_INDEX>
    <METRIC_VALUE_NAME>detail</METRIC_VALUE_NAME>
    <METRIC_VALUE_DESCRIPTION>detail</METRIC_VALUE_DESCRIPTION>
    <METRIC_VALUE_PROCEDURE_NAME>DSS_METRIC_VALUE_SCOPE</METRIC_VALUE_PROCEDURE_NAME>
    <METRIC_AGGREGATE_OPERATOR>0</METRIC_AGGREGATE_OPERATOR>
    <METRIC_VALUE_PROCEDURE_NAME_2>$n$u$l$l$</METRIC_VALUE_PROCEDURE_NAME_2>
    <METRIC_AGGREGATE_OPERATOR_2>0</METRIC_AGGREGATE_OPERATOR_2>
    <METRIC_VALUE_TYPE>6</METRIC_VALUE_TYPE>
  </DSS_METRIC_VALUE_TYPES>
  <DSS_METRIC_VALUE_TYPES>
    <METRIC_ID>2820002</METRIC_ID>
    <METRIC_VALUE_INDEX>0</METRIC_VALUE_INDEX>
    <METRIC_VALUE_NAME>Grade and status distribution</METRIC_VALUE_NAME>
    <METRIC_VALUE_DESCRIPTION>Generic grade and status distribution calculation for diagnostics</METRIC_VALUE_DESCRIPTION>
    <METRIC_VALUE_PROCEDURE_NAME>ADG_RESULT_DIAG_STATUS</METRIC_VALUE_PROCEDURE_NAME>
    <METRIC_AGGREGATE_OPERATOR>0</METRIC_AGGREGATE_OPERATOR>
    <METRIC_VALUE_PROCEDURE_NAME_2>ADG_CENTRAL_RESULT_DIAG</METRIC_VALUE_PROCEDURE_NAME_2>
    <METRIC_AGGREGATE_OPERATOR_2>0</METRIC_AGGREGATE_OPERATOR_2>
    <METRIC_VALUE_TYPE>0</METRIC_VALUE_TYPE>
  </DSS_METRIC_VALUE_TYPES>
  <DSS_METRIC_VALUE_TYPES>
    <METRIC_ID>2820002</METRIC_ID>
    <METRIC_VALUE_INDEX>1</METRIC_VALUE_INDEX>
    <METRIC_VALUE_NAME>COLDFUSION : Cffunction name Should be unique</METRIC_VALUE_NAME>
    <METRIC_VALUE_DESCRIPTION>See Metric documentation</METRIC_VALUE_DESCRIPTION>
    <METRIC_VALUE_PROCEDURE_NAME>$n$u$l$l$</METRIC_VALUE_PROCEDURE_NAME>
    <METRIC_AGGREGATE_OPERATOR>11</METRIC_AGGREGATE_OPERATOR>
    <METRIC_VALUE_PROCEDURE_NAME_2>$n$u$l$l$</METRIC_VALUE_PROCEDURE_NAME_2>
    <METRIC_AGGREGATE_OPERATOR_2>0</METRIC_AGGREGATE_OPERATOR_2>
    <METRIC_VALUE_TYPE>5</METRIC_VALUE_TYPE>
  </DSS_METRIC_VALUE_TYPES>
  <DSS_METRIC_VALUE_TYPES>
    <METRIC_ID>2820002</METRIC_ID>
    <METRIC_VALUE_INDEX>2</METRIC_VALUE_INDEX>
    <METRIC_VALUE_NAME>total</METRIC_VALUE_NAME>
    <METRIC_VALUE_DESCRIPTION>total</METRIC_VALUE_DESCRIPTION>
    <METRIC_VALUE_PROCEDURE_NAME>DSS_DIAG_TOTAL_GENERIC</METRIC_VALUE_PROCEDURE_NAME>
    <METRIC_AGGREGATE_OPERATOR>0</METRIC_AGGREGATE_OPERATOR>
    <METRIC_VALUE_PROCEDURE_NAME_2>$n$u$l$l$</METRIC_VALUE_PROCEDURE_NAME_2>
    <METRIC_AGGREGATE_OPERATOR_2>0</METRIC_AGGREGATE_OPERATOR_2>
    <METRIC_VALUE_TYPE>5</METRIC_VALUE_TYPE>
  </DSS_METRIC_VALUE_TYPES>
  <DSS_METRIC_VALUE_TYPES>
    <METRIC_ID>2820003</METRIC_ID>
    <METRIC_VALUE_INDEX>1</METRIC_VALUE_INDEX>
    <METRIC_VALUE_NAME>detail</METRIC_VALUE_NAME>
    <METRIC_VALUE_DESCRIPTION>detail</METRIC_VALUE_DESCRIPTION>
    <METRIC_VALUE_PROCEDURE_NAME>DSS_METRIC_VALUE_SCOPE</METRIC_VALUE_PROCEDURE_NAME>
    <METRIC_AGGREGATE_OPERATOR>0</METRIC_AGGREGATE_OPERATOR>
    <METRIC_VALUE_PROCEDURE_NAME_2>$n$u$l$l$</METRIC_VALUE_PROCEDURE_NAME_2>
    <METRIC_AGGREGATE_OPERATOR_2>0</METRIC_AGGREGATE_OPERATOR_2>
    <METRIC_VALUE_TYPE>6</METRIC_VALUE_TYPE>
  </DSS_METRIC_VALUE_TYPES>
  <DSS_METRIC_PARAM_TYPES>
    <METRIC_ID>2820001</METRIC_ID>
    <PARAM_INDEX>1</PARAM_INDEX>
    <OBJECT_TYPE_ID>0</OBJECT_TYPE_ID>
    <PARAM_TYPE>0</PARAM_TYPE>
    <PARAM_NAME>Average Size Threshold</PARAM_NAME>
    <PARAM_DESCRIPTION>$n$u$l$l$</PARAM_DESCRIPTION>
  </DSS_METRIC_PARAM_TYPES>
  <DSS_METRIC_PARAM_TYPES>
    <METRIC_ID>2820003</METRIC_ID>
    <PARAM_INDEX>1</PARAM_INDEX>
    <OBJECT_TYPE_ID>0</OBJECT_TYPE_ID>
    <PARAM_TYPE>0</PARAM_TYPE>
    <PARAM_NAME>Average Size Threshold</PARAM_NAME>
    <PARAM_DESCRIPTION>$n$u$l$l$</PARAM_DESCRIPTION>
  </DSS_METRIC_PARAM_TYPES>
  <DSS_METRIC_PARAM_VALUES>
    <METRIC_ID>2820001</METRIC_ID>
    <PARAM_INDEX>1</PARAM_INDEX>
    <OBJECT_TYPE_ID>0</OBJECT_TYPE_ID>
    <PARAM_NUM_VALUE>100</PARAM_NUM_VALUE>
    <PARAM_CHAR_VALUE>$n$u$l$l$</PARAM_CHAR_VALUE>
    <PARAM_ORDER>0</PARAM_ORDER>
  </DSS_METRIC_PARAM_VALUES>
  <DSS_METRIC_PARAM_VALUES>
    <METRIC_ID>2820003</METRIC_ID>
    <PARAM_INDEX>1</PARAM_INDEX>
    <OBJECT_TYPE_ID>0</OBJECT_TYPE_ID>
    <PARAM_NUM_VALUE>100</PARAM_NUM_VALUE>
    <PARAM_CHAR_VALUE>$n$u$l$l$</PARAM_CHAR_VALUE>
    <PARAM_ORDER>0</PARAM_ORDER>
  </DSS_METRIC_PARAM_VALUES>
  <DSS_METRIC_STATUS_THRESHOLDS>
    <METRIC_ID>2820000</METRIC_ID>
    <STATUS>0</STATUS>
    <THRESHOLD_1>50.0</THRESHOLD_1>
    <THRESHOLD_2>90.0</THRESHOLD_2>
    <THRESHOLD_3>95.0</THRESHOLD_3>
    <THRESHOLD_4>99.0</THRESHOLD_4>
  </DSS_METRIC_STATUS_THRESHOLDS>
  <DSS_METRIC_STATUS_THRESHOLDS>
    <METRIC_ID>2820002</METRIC_ID>
    <STATUS>0</STATUS>
    <THRESHOLD_1>50.0</THRESHOLD_1>
    <THRESHOLD_2>90.0</THRESHOLD_2>
    <THRESHOLD_3>95.0</THRESHOLD_3>
    <THRESHOLD_4>99.0</THRESHOLD_4>
  </DSS_METRIC_STATUS_THRESHOLDS>
  <DSS_METRIC_DESCRIPTIONS>
    <METRIC_ID>2820000</METRIC_ID>
    <DESCRIPTION_TYPE_ID>0</DESCRIPTION_TYPE_ID>
    <LANGUAGE>ENGLISH</LANGUAGE>
    <METRIC_DESCRIPTION>cold fusion cfcomponent should be in lower case</METRIC_DESCRIPTION>
  </DSS_METRIC_DESCRIPTIONS>
  <DSS_METRIC_DESCRIPTIONS>
    <METRIC_ID>2820000</METRIC_ID>
    <DESCRIPTION_TYPE_ID>2</DESCRIPTION_TYPE_ID>
    <LANGUAGE>ENGLISH</LANGUAGE>
    <METRIC_DESCRIPTION>You should always use small letters to define cold fusion methods.</METRIC_DESCRIPTION>
  </DSS_METRIC_DESCRIPTIONS>
  <DSS_METRIC_DESCRIPTIONS>
    <METRIC_ID>2820000</METRIC_ID>
    <DESCRIPTION_TYPE_ID>3</DESCRIPTION_TYPE_ID>
    <LANGUAGE>ENGLISH</LANGUAGE>
    <METRIC_DESCRIPTION>Enter cfcomponent in lower case.</METRIC_DESCRIPTION>
  </DSS_METRIC_DESCRIPTIONS>
  <DSS_METRIC_DESCRIPTIONS>
    <METRIC_ID>2820000</METRIC_ID>
    <DESCRIPTION_TYPE_ID>5</DESCRIPTION_TYPE_ID>
    <LANGUAGE>ENGLISH</LANGUAGE>
    <METRIC_DESCRIPTION>update to "cfcomponent"</METRIC_DESCRIPTION>
  </DSS_METRIC_DESCRIPTIONS>
  <DSS_METRIC_DESCRIPTIONS>
    <METRIC_ID>2820000</METRIC_ID>
    <DESCRIPTION_TYPE_ID>7</DESCRIPTION_TYPE_ID>
    <LANGUAGE>ENGLISH</LANGUAGE>
    <METRIC_DESCRIPTION>Associated to each violations, the Quality Rule provides: - The number of violation patterns - Bookmarks for violation patterns found in source code.</METRIC_DESCRIPTION>
  </DSS_METRIC_DESCRIPTIONS>
  <DSS_METRIC_DESCRIPTIONS>
    <METRIC_ID>2820000</METRIC_ID>
    <DESCRIPTION_TYPE_ID>8</DESCRIPTION_TYPE_ID>
    <LANGUAGE>ENGLISH</LANGUAGE>
    <METRIC_DESCRIPTION>Number of source files</METRIC_DESCRIPTION>
  </DSS_METRIC_DESCRIPTIONS>
  <DSS_METRIC_DESCRIPTIONS>
    <METRIC_ID>2820002</METRIC_ID>
    <DESCRIPTION_TYPE_ID>0</DESCRIPTION_TYPE_ID>
    <LANGUAGE>ENGLISH</LANGUAGE>
    <METRIC_DESCRIPTION>cffunction name should be unique</METRIC_DESCRIPTION>
  </DSS_METRIC_DESCRIPTIONS>
  <DSS_METRIC_DESCRIPTIONS>
    <METRIC_ID>2820002</METRIC_ID>
    <DESCRIPTION_TYPE_ID>2</DESCRIPTION_TYPE_ID>
    <LANGUAGE>ENGLISH</LANGUAGE>
    <METRIC_DESCRIPTION>cffunction name should be unique.</METRIC_DESCRIPTION>
  </DSS_METRIC_DESCRIPTIONS>
  <DSS_METRIC_DESCRIPTIONS>
    <METRIC_ID>2820002</METRIC_ID>
    <DESCRIPTION_TYPE_ID>3</DESCRIPTION_TYPE_ID>
    <LANGUAGE>ENGLISH</LANGUAGE>
    <METRIC_DESCRIPTION>Remove cffunction duplicates.</METRIC_DESCRIPTION>
  </DSS_METRIC_DESCRIPTIONS>
  <DSS_METRIC_DESCRIPTIONS>
    <METRIC_ID>2820002</METRIC_ID>
    <DESCRIPTION_TYPE_ID>5</DESCRIPTION_TYPE_ID>
    <LANGUAGE>ENGLISH</LANGUAGE>
    <METRIC_DESCRIPTION>Remove cffunction duplicates.</METRIC_DESCRIPTION>
  </DSS_METRIC_DESCRIPTIONS>
  <DSS_METRIC_DESCRIPTIONS>
    <METRIC_ID>2820002</METRIC_ID>
    <DESCRIPTION_TYPE_ID>7</DESCRIPTION_TYPE_ID>
    <LANGUAGE>ENGLISH</LANGUAGE>
    <METRIC_DESCRIPTION>Associated to each violations, the Quality Rule provides: - The number of violation patterns - Bookmarks for violation patterns found in source code.</METRIC_DESCRIPTION>
  </DSS_METRIC_DESCRIPTIONS>
  <DSS_METRIC_DESCRIPTIONS>
    <METRIC_ID>2820002</METRIC_ID>
    <DESCRIPTION_TYPE_ID>8</DESCRIPTION_TYPE_ID>
    <LANGUAGE>ENGLISH</LANGUAGE>
    <METRIC_DESCRIPTION>Number of source files</METRIC_DESCRIPTION>
  </DSS_METRIC_DESCRIPTIONS>
</DATA>