<?xml version='1.0' encoding='utf-8'?>
<root>
	<metric id="2820000" type="quality-rule" originalName="COLDFUSION : should be always small letters" 
	parameterName="Average Size Threshold" parameterType="float" parameterIndex="1" filter="0" 
	filterLabel="ALL TECHNOLOGIES" parameterDescription="N/A">
		<defaultValue>100.0</defaultValue>
		<defaultValuesList>N/A</defaultValuesList>
	</metric>
	
	
	<metric id="2820002" type="quality-rule" originalName="COLDFUSION : Cffunction name Should be unique" 
	parameterName="Average Size Threshold" parameterType="float" parameterIndex="1" filter="0" 
	filterLabel="ALL TECHNOLOGIES" parameterDescription="N/A">
		<defaultValue>100.0</defaultValue>
		<defaultValuesList>N/A</defaultValuesList>
	</metric>
	
</root>