<?xml version="1.0" encoding="UTF-8" standalone="yes"?>
<root>
	<metric id='-1' type='N/A' originalName='' active='N/A' detached='N/A' ignored='false' />
	<metric id="61004" type="technical-criterion" originalName="Architecture - OS and Platform Independence" active='N/A' detached='N/A' ignored="false"/>
  	<metric id='61014' type='technical-criterion' originalName='Programming Practices - Error and Exception Handling' active='N/A' detached='N/A' ignored='false' />
    <metric id='61024' type='technical-criterion' originalName='Programming Practices - Structuredness' active='N/A' detached='N/A' ignored='false' />
    <metric id='61029' type='technical-criterion' originalName='Complexity - Dynamic Instantiation' active='N/A' detached='N/A' ignored="false"/>
    <metric id='66009' type='technical-criterion' originalName='Architecture - Reuse' active='N/A' detached='N/A' ignored='false' />
    <metric id="66069" type="technical-criterion" originalName="Programming Practices - Unexpected Behavior" active='N/A' detached='N/A' ignored="false"/>
	 <!-- 3 mandatory distributions for AEP -->
    <metric id="65105" type="quality-distribution" originalName="Size Distribution"                   active="N/A" detached="N/A" ignored="false"/>
    <metric id="65350" type="quality-distribution" originalName="Coupling Distribution"               active="N/A" detached="N/A" ignored="false"/>
    <metric id="65501" type="quality-distribution" originalName="Cyclomatic Complexity Distribution"  active="N/A" detached="N/A" ignored="false"/>
	<!-- quailty rule -->
	<metric id="2820000" type="quality-rule" originalName="COLDFUSION : should be always small letters" active="true" detached="false" ignored="false"/>
	
	<metric id="2820002" type="quality-rule" originalName="COLDFUSION : Cffunction name Should be unique" active="true" detached="false" ignored="false"/>
	
</root>