<?xml version='1.0' encoding='utf-8'?>
<root>
  <metric id='2820000' type='quality-rule' originalName='COLDFUSION : should be always small letters' section='description'>
    <english>You should always use small letters to define cold fusion methods.</english>
  </metric>
  
  <metric id='2820000' type='quality-rule' originalName='COLDFUSION : should be always small letters' section='name'>
    <english>cold fusion cfcomponent should be in lower case</english>
  </metric>
  
  <metric id='2820000' type='quality-rule' originalName='COLDFUSION : should be always small letters' section='output'>
    <english>Associated to each violations, the Quality Rule provides: - The number of violation patterns - Bookmarks for violation patterns found in source code.</english>
  </metric>
  
  
  <!--<metric id='2820000' type='quality-rule' originalName='COLDFUSION : should be always small letters' section='rationale'>
    <english>Compatible with CISQ 18 and especially ASCCSM-CWE-835</english>
  </metric>-->
  
  
  <metric id='2820000' type='quality-rule' originalName='COLDFUSION : should be always small letters' section='remediation'>
    <english>Enter cfcomponent in lower case.</english>
  </metric>
  <metric id='2820000' type='quality-rule' originalName='COLDFUSION : should be always small letters' section='sample'>
    <english>update to "cfcomponent"</english>
  </metric>
  <metric id='2820000' type='quality-rule' originalName='COLDFUSION : should be always small letters' section='total'>
    <english>Number of source files</english>
  </metric>
  
  
  
  
  
  <metric id='2820002' type='quality-rule' originalName='COLDFUSION : Cffunction name Should be unique' section='description'>
    <english>cffunction name should be unique.</english>
  </metric>
  
  <metric id='2820002' type='quality-rule' originalName='COLDFUSION : Cffunction name Should be unique' section='name'>
    <english>cffunction name should be unique</english>
  </metric>
  
  <metric id='2820002' type='quality-rule' originalName='COLDFUSION : Cffunction name Should be unique' section='output'>
    <english>Associated to each violations, the Quality Rule provides: - The number of violation patterns - Bookmarks for violation patterns found in source code.</english>
  </metric>
  
  
  <!--<metric id='2820000' type='quality-rule' originalName='COLDFUSION : Cffunction name Should be unique' section='rationale'>
    <english>Compatible with CISQ 18 and especially ASCCSM-CWE-835</english>
  </metric>-->
  
  
  <metric id='2820002' type='quality-rule' originalName='COLDFUSION : Cffunction name Should be unique' section='remediation'>
    <english>Remove cffunction duplicates.</english>
  </metric>
  <metric id='2820002' type='quality-rule' originalName='COLDFUSION : Cffunction name Should be unique' section='sample'>
    <english>Remove cffunction duplicates.</english>
  </metric>
  <metric id='2820002' type='quality-rule' originalName='COLDFUSION : Cffunction name Should be unique' section='total'>
    <english>Number of source files</english>
  </metric>
</root>